Sentence #,Abstract,POS,Tag,Doc_ID
Sentence: 34092,RAVALOMANANA achieved a second term following a landslide victory in the generally free and fair presidential elections of 2006 .,"['NNP', 'VBD', 'DT', 'JJ', 'NN', 'VBG', 'DT', 'NN', 'NN', 'IN', 'DT', 'RB', 'JJ', 'CC', 'JJ', 'JJ', 'NNS', 'IN', 'CD', '.']","['B-per', 'O', 'O', 'O', 'O', 'O', 'O', 'O', 'O', 'O', 'O', 'O', 'O', 'O', 'O', 'O', 'O', 'O', 'B-tim', 'O']",0
Sentence: 5782,A statement from the National Hurricane Center says Wilma is still a strong category 4 hurricane with winds near 250 kilometers per hour .,"['DT', 'NN', 'IN', 'DT', 'NNP', 'NNP', 'NNP', 'VBZ', 'NNP', 'VBZ', 'RB', 'DT', 'JJ', 'NN', 'CD', 'NN', 'IN', 'NNS', 'IN', 'CD', 'NNS', 'IN', 'NN', '.']","['O', 'O', 'O', 'O', 'B-org', 'I-org', 'I-org', 'O', 'B-eve', 'O', 'O', 'O', 'O', 'O', 'O', 'O', 'O', 'O', 'O', 'O', 'O', 'O', 'O', 'O']",1
Sentence: 11084,"Separately , government officials said unidentified gunmen kidnapped two workers from the ministry of rural development .","['RB', ',', 'NN', 'NNS', 'VBD', 'JJ', 'NNS', 'VBD', 'CD', 'NNS', 'IN', 'DT', 'NN', 'IN', 'JJ', 'NN', '.']","['O', 'O', 'O', 'O', 'O', 'O', 'O', 'O', 'O', 'O', 'O', 'O', 'O', 'O', 'O', 'O', 'O']",2
Sentence: 13572,"The warning says "" life-threatening "" weather conditions are expected and strongly discourages travel .","['DT', 'NN', 'VBZ', '``', 'JJ', '``', 'NN', 'NNS', 'VBP', 'VBN', 'CC', 'RB', 'VBZ', 'NN', '.']","['O', 'O', 'O', 'O', 'O', 'O', 'O', 'O', 'O', 'O', 'O', 'O', 'O', 'O', 'O']",3
Sentence: 363,"The U.N. says the deal , which was signed Wednesday , will allow some 16,000 Sudanese refugees living in the CAR to voluntarily return home .","['DT', 'NNP', 'VBZ', 'DT', 'NN', ',', 'WDT', 'VBD', 'VBN', 'NNP', ',', 'MD', 'VB', 'DT', 'CD', 'JJ', 'NNS', 'VBG', 'IN', 'DT', 'NNP', 'TO', 'RB', 'VB', 'NN', '.']","['O', 'B-org', 'O', 'O', 'O', 'O', 'O', 'O', 'O', 'B-tim', 'O', 'O', 'O', 'O', 'O', 'B-gpe', 'O', 'O', 'O', 'O', 'B-gpe', 'O', 'O', 'O', 'O', 'O']",4
Sentence: 37691,"In 1974 , a Greek Government-sponsored attempt to seize control of Cyprus was met by military intervention from Turkey , which soon controlled more than a third of the island .","['IN', 'CD', ',', 'DT', 'JJ', 'JJ', 'NN', 'TO', 'VB', 'NN', 'IN', 'NNP', 'VBD', 'VBN', 'IN', 'JJ', 'NN', 'IN', 'NNP', ',', 'WDT', 'RB', 'VBD', 'JJR', 'IN', 'DT', 'NN', 'IN', 'DT', 'NN', '.']","['O', 'B-tim', 'O', 'O', 'O', 'O', 'O', 'O', 'O', 'O', 'O', 'B-gpe', 'O', 'O', 'O', 'O', 'O', 'O', 'B-geo', 'O', 'O', 'O', 'O', 'O', 'O', 'O', 'O', 'O', 'O', 'O', 'O']",5
Sentence: 13403,"Meanwhile , in Baghdad , firefighters extinguished a blaze at the city 's main oil refinery , which was attacked by saboteurs late Thursday .","['RB', ',', 'IN', 'NNP', ',', 'NNS', 'VBD', 'DT', 'NN', 'IN', 'DT', 'NN', 'POS', 'JJ', 'NN', 'NN', ',', 'WDT', 'VBD', 'VBN', 'IN', 'NNS', 'JJ', 'NNP', '.']","['O', 'O', 'O', 'B-geo', 'O', 'O', 'O', 'O', 'O', 'O', 'O', 'O', 'O', 'O', 'O', 'O', 'O', 'O', 'O', 'O', 'O', 'O', 'O', 'B-tim', 'O']",6
Sentence: 34932,"England 's bowlers have picked apart Sri Lanka 's lineup , with the host nation dismissed for only 188 runs on the first day of their first test match at Asgiriya Stadium in Kandy , Sri Lanka .","['NNP', 'POS', 'NNS', 'VBP', 'VBN', 'RP', 'NNP', 'NNP', 'POS', 'NN', ',', 'IN', 'DT', 'NN', 'NN', 'VBD', 'IN', 'RB', 'CD', 'NNS', 'IN', 'DT', 'JJ', 'NN', 'IN', 'PRP$', 'JJ', 'NN', 'NN', 'IN', 'NNP', 'NNP', 'IN', 'NNP', ',', 'NNP', 'NNP', '.']","['B-org', 'O', 'O', 'O', 'O', 'O', 'B-org', 'I-org', 'O', 'O', 'O', 'O', 'O', 'O', 'O', 'O', 'O', 'O', 'O', 'O', 'O', 'O', 'O', 'O', 'O', 'O', 'O', 'O', 'O', 'O', 'B-org', 'I-org', 'O', 'B-geo', 'O', 'B-geo', 'I-geo', 'O']",7
Sentence: 28118,"Many schools in two other southern provinces , Narathiwat and Pattani , are also closed .","['JJ', 'NNS', 'IN', 'CD', 'JJ', 'JJ', 'NNS', ',', 'NNP', 'CC', 'NNP', ',', 'VBP', 'RB', 'VBN', '.']","['O', 'O', 'O', 'O', 'O', 'O', 'O', 'O', 'B-org', 'I-org', 'I-org', 'O', 'O', 'O', 'O', 'O']",8
Sentence: 35780,"Over the past two decades , tens of thousands of Somalis have fled to Scandinavia to escape war and poverty in their homeland .","['IN', 'DT', 'JJ', 'CD', 'NNS', ',', 'NNS', 'IN', 'NNS', 'IN', 'NNS', 'VBP', 'VBN', 'TO', 'NNP', 'TO', 'VB', 'NN', 'CC', 'NN', 'IN', 'PRP$', 'NN', '.']","['O', 'O', 'B-tim', 'I-tim', 'I-tim', 'O', 'O', 'O', 'O', 'O', 'B-gpe', 'O', 'O', 'O', 'B-geo', 'O', 'O', 'O', 'O', 'O', 'O', 'O', 'O', 'O']",9
Sentence: 4634,"Mr. Sardenberg has described the situation in the country as "" dire . ""","['NNP', 'NNP', 'VBZ', 'VBN', 'DT', 'NN', 'IN', 'DT', 'NN', 'IN', '``', 'JJ', '.', '``']","['B-per', 'I-per', 'O', 'O', 'O', 'O', 'O', 'O', 'O', 'O', 'O', 'O', 'O', 'O']",10
Sentence: 11467,Washington in recent weeks has been criticizing the Uzbek government for not allowing an international probe into its handling of last month 's uprising in the eastern city of Andijan .,"['NNP', 'IN', 'JJ', 'NNS', 'VBZ', 'VBN', 'VBG', 'DT', 'JJ', 'NN', 'IN', 'RB', 'VBG', 'DT', 'JJ', 'NN', 'IN', 'PRP$', 'NN', 'IN', 'JJ', 'NN', 'POS', 'NN', 'IN', 'DT', 'JJ', 'NN', 'IN', 'NNP', '.']","['B-geo', 'O', 'B-tim', 'O', 'O', 'O', 'O', 'O', 'B-gpe', 'O', 'O', 'O', 'O', 'O', 'O', 'O', 'O', 'O', 'O', 'O', 'O', 'O', 'O', 'O', 'O', 'O', 'O', 'O', 'O', 'B-geo', 'O']",11
Sentence: 9170,A surgeon in Miami used his skill in transplanting organs to save the life of a woman who had been told her cancer was inoperable .,"['DT', 'NN', 'IN', 'NNP', 'VBD', 'PRP$', 'NN', 'IN', 'VBG', 'NNS', 'TO', 'VB', 'DT', 'NN', 'IN', 'DT', 'NN', 'WP', 'VBD', 'VBN', 'VBN', 'PRP$', 'NN', 'VBD', 'JJ', '.']","['O', 'O', 'O', 'B-geo', 'O', 'O', 'O', 'O', 'O', 'O', 'O', 'O', 'O', 'O', 'O', 'O', 'O', 'O', 'O', 'O', 'O', 'O', 'O', 'O', 'O', 'O']",12
Sentence: 6167,Pope Benedict is urging nuclear-armed nations to get rid of their arsenals .,"['NNP', 'NNP', 'VBZ', 'VBG', 'JJ', 'NNS', 'TO', 'VB', 'JJ', 'IN', 'PRP$', 'NNS', '.']","['B-per', 'I-per', 'O', 'O', 'O', 'O', 'O', 'O', 'O', 'O', 'O', 'O', 'O']",13
Sentence: 31497,One Afghan man survived the attack .,"['CD', 'JJ', 'NN', 'VBD', 'DT', 'NN', '.']","['O', 'B-gpe', 'O', 'O', 'O', 'O', 'O']",14
Sentence: 38998,Jeffrey was appointed to the Iraqi post by the U.S. Senate earlier this month .,"['NNP', 'VBD', 'VBN', 'TO', 'DT', 'JJ', 'NN', 'IN', 'DT', 'NNP', 'NNP', 'RBR', 'DT', 'NN', '.']","['B-per', 'O', 'O', 'O', 'O', 'B-gpe', 'O', 'O', 'O', 'B-org', 'I-org', 'O', 'O', 'O', 'O']",15
Sentence: 38589,"Iran 's influential former president , Akbar Hashemi Rafsanjani , has praised the late Pope John Paul II as a man of peace and offered his condolences to the world 's Christians on the loss of the Roman Catholic leader .","['NNP', 'POS', 'JJ', 'JJ', 'NN', ',', 'NNP', 'NNP', 'NNP', ',', 'VBZ', 'VBN', 'DT', 'JJ', 'NNP', 'NNP', 'NNP', 'NNP', 'IN', 'DT', 'NN', 'IN', 'NN', 'CC', 'VBD', 'PRP$', 'NNS', 'TO', 'DT', 'NN', 'POS', 'NNS', 'IN', 'DT', 'NN', 'IN', 'DT', 'NNP', 'NNP', 'NN', '.']","['B-geo', 'O', 'O', 'O', 'O', 'O', 'B-org', 'I-org', 'I-org', 'O', 'O', 'O', 'O', 'O', 'O', 'B-per', 'I-per', 'I-per', 'O', 'O', 'O', 'O', 'O', 'O', 'O', 'O', 'O', 'O', 'O', 'O', 'O', 'O', 'O', 'O', 'O', 'O', 'O', 'B-org', 'I-org', 'O', 'O']",16
Sentence: 11923,"Opposition presidential candidate Viktor Yushchenko told demonstrators to go home , after parliament approved new anti-fraud laws for a court ordered December 26 repeat of the runoff vote .","['NNP', 'JJ', 'NN', 'NNP', 'NNP', 'VBD', 'NNS', 'TO', 'VB', 'NN', ',', 'IN', 'NN', 'VBD', 'JJ', 'JJ', 'NNS', 'IN', 'DT', 'NN', 'VBN', 'NNP', 'CD', 'NN', 'IN', 'DT', 'NN', 'NN', '.']","['O', 'O', 'O', 'B-per', 'I-per', 'O', 'O', 'O', 'O', 'O', 'O', 'O', 'O', 'O', 'O', 'O', 'O', 'O', 'O', 'O', 'O', 'B-tim', 'I-tim', 'O', 'O', 'O', 'O', 'O', 'O']",17
Sentence: 23977,"Most of the fatalities have been women or girls whose families raise poultry , which brings them into daily contact with chickens or turkeys .","['JJS', 'IN', 'DT', 'NNS', 'VBP', 'VBN', 'NNS', 'CC', 'NNS', 'WP$', 'NNS', 'VBP', 'NN', ',', 'WDT', 'VBZ', 'PRP', 'IN', 'JJ', 'NN', 'IN', 'NNS', 'CC', 'NNS', '.']","['O', 'O', 'O', 'O', 'O', 'O', 'O', 'O', 'O', 'O', 'O', 'O', 'O', 'O', 'O', 'O', 'O', 'O', 'O', 'O', 'O', 'O', 'O', 'O', 'O']",18
Sentence: 16984,"Tuesday , the delegation visited the offices of Correo del Caroni newspaper , which local lawmakers had slated for demolition .","['NNP', ',', 'DT', 'NN', 'VBD', 'DT', 'NNS', 'IN', 'NNP', 'NNP', 'NNP', 'NN', ',', 'WDT', 'JJ', 'NNS', 'VBD', 'VBN', 'IN', 'NN', '.']","['B-tim', 'O', 'O', 'O', 'O', 'O', 'O', 'O', 'B-org', 'I-org', 'I-org', 'O', 'O', 'O', 'O', 'O', 'O', 'O', 'O', 'O', 'O']",19
Sentence: 43745,"And , Iraq 's political leaders are continuing efforts to form a government .","['CC', ',', 'NNP', 'POS', 'JJ', 'NNS', 'VBP', 'VBG', 'NNS', 'TO', 'VB', 'DT', 'NN', '.']","['O', 'O', 'B-geo', 'O', 'O', 'O', 'O', 'O', 'O', 'O', 'O', 'O', 'O', 'O']",20
Sentence: 12498,A coalition soldier was also killed by a landmine in the same province .,"['DT', 'NN', 'NN', 'VBD', 'RB', 'VBN', 'IN', 'DT', 'NN', 'IN', 'DT', 'JJ', 'NN', '.']","['O', 'O', 'O', 'O', 'O', 'O', 'O', 'O', 'O', 'O', 'O', 'O', 'O', 'O']",21
Sentence: 38354,"Several days later , he received a letter from the police that contained another picture of handcuffs .","['JJ', 'NNS', 'RB', ',', 'PRP', 'VBD', 'DT', 'NN', 'IN', 'DT', 'NN', 'WDT', 'VBD', 'DT', 'NN', 'IN', 'NNS', '.']","['B-tim', 'O', 'B-tim', 'O', 'O', 'O', 'O', 'O', 'O', 'O', 'O', 'O', 'O', 'O', 'O', 'O', 'O', 'O']",22
Sentence: 30473,"The international community has committed hundreds of millions of dollars to train Afghan police in destroying laboratories and opium crops , as well as to fund projects to help farmers grow legal crops .","['DT', 'JJ', 'NN', 'VBZ', 'VBN', 'NNS', 'IN', 'NNS', 'IN', 'NNS', 'TO', 'VB', 'JJ', 'NNS', 'IN', 'VBG', 'NNS', 'CC', 'NN', 'NNS', ',', 'RB', 'RB', 'IN', 'TO', 'VB', 'NNS', 'TO', 'VB', 'NNS', 'VB', 'JJ', 'NNS', '.']","['O', 'O', 'O', 'O', 'O', 'O', 'O', 'O', 'O', 'O', 'O', 'O', 'B-gpe', 'O', 'O', 'O', 'O', 'O', 'O', 'O', 'O', 'O', 'O', 'O', 'O', 'O', 'O', 'O', 'O', 'O', 'O', 'O', 'O', 'O']",23
Sentence: 23604,"Saint Vincent and the Grenadines , Nicaragua and Guatemala are among the nations on his itinerary .","['NNP', 'NNP', 'CC', 'DT', 'NNPS', ',', 'NNP', 'CC', 'NNP', 'VBP', 'IN', 'DT', 'NNS', 'IN', 'PRP$', 'NN', '.']","['B-per', 'I-per', 'O', 'B-geo', 'I-geo', 'O', 'B-geo', 'O', 'B-geo', 'O', 'O', 'O', 'O', 'O', 'O', 'O', 'O']",24
Sentence: 45539,"The Shi'ites , who dominate parliament , want to establish an autonomous region in southern Iraq , modeled after the Kurdish north .","['DT', 'NNS', ',', 'WP', 'VBP', 'NN', ',', 'VBP', 'TO', 'VB', 'DT', 'JJ', 'NN', 'IN', 'JJ', 'NNP', ',', 'VBN', 'IN', 'DT', 'NNP', 'NN', '.']","['O', 'O', 'O', 'O', 'O', 'O', 'O', 'O', 'O', 'O', 'O', 'O', 'O', 'O', 'B-geo', 'I-geo', 'O', 'O', 'O', 'O', 'O', 'O', 'O']",25
Sentence: 15487,Taiwan President Chen Shui-bian briefly joined a massive rally Saturday in Taipei to protest China 's threat to use force against the island if it formally declares independence .,"['NNP', 'NNP', 'NNP', 'NNP', 'NN', 'VBD', 'DT', 'JJ', 'NN', 'NNP', 'IN', 'NNP', 'TO', 'VB', 'NNP', 'POS', 'NN', 'TO', 'VB', 'NN', 'IN', 'DT', 'NN', 'IN', 'PRP', 'RB', 'VBZ', 'NN', '.']","['B-gpe', 'B-per', 'I-per', 'I-per', 'O', 'O', 'O', 'O', 'O', 'B-tim', 'O', 'B-geo', 'O', 'O', 'B-geo', 'O', 'O', 'O', 'O', 'O', 'O', 'O', 'O', 'O', 'O', 'O', 'O', 'O', 'O']",26
Sentence: 1522,"An agreement signed last year with the European Union is pending , but a deal with the United States has been stalled in Congress since 2007 because of concerns from the American beef and auto industries .","['DT', 'NN', 'VBN', 'JJ', 'NN', 'IN', 'DT', 'NNP', 'NNP', 'VBZ', 'VBG', ',', 'CC', 'DT', 'NN', 'IN', 'DT', 'NNP', 'NNPS', 'VBZ', 'VBN', 'VBN', 'IN', 'NNP', 'IN', 'CD', 'IN', 'IN', 'NNS', 'IN', 'DT', 'JJ', 'NN', 'CC', 'NN', 'NNS', '.']","['O', 'O', 'O', 'O', 'O', 'O', 'O', 'B-org', 'I-org', 'O', 'O', 'O', 'O', 'O', 'O', 'O', 'O', 'B-geo', 'I-geo', 'O', 'O', 'O', 'O', 'B-org', 'O', 'B-tim', 'O', 'O', 'O', 'O', 'O', 'B-gpe', 'O', 'O', 'O', 'O', 'O']",27
Sentence: 34176,"China and Taiwan split in 1949 after a civil war , but Beijing considers Taiwan a renegade province .","['NNP', 'CC', 'NNP', 'NN', 'IN', 'CD', 'IN', 'DT', 'JJ', 'NN', ',', 'CC', 'NNP', 'VBZ', 'NNP', 'DT', 'NN', 'NN', '.']","['B-geo', 'O', 'B-geo', 'O', 'O', 'B-tim', 'O', 'O', 'O', 'O', 'O', 'O', 'B-geo', 'O', 'B-geo', 'O', 'O', 'O', 'O']",28
Sentence: 46729,"Separately , police say Iraq 's Deputy Trade Minister Dawoud Hassan was wounded when his motorcade was ambushed in the capital .","['RB', ',', 'NNS', 'VBP', 'NNP', 'POS', 'NNP', 'NNP', 'NNP', 'NNP', 'NNP', 'VBD', 'VBN', 'WRB', 'PRP$', 'NN', 'VBD', 'VBN', 'IN', 'DT', 'NN', '.']","['O', 'O', 'O', 'O', 'B-geo', 'O', 'O', 'O', 'B-per', 'I-per', 'I-per', 'O', 'O', 'O', 'O', 'O', 'O', 'O', 'O', 'O', 'O', 'O']",29
Sentence: 21560,"The attacks started Thursday when gang members set fire to several city buses , burning some passengers alive .","['DT', 'NNS', 'VBD', 'NNP', 'WRB', 'NN', 'NNS', 'VBD', 'NN', 'TO', 'JJ', 'NN', 'NNS', ',', 'VBG', 'DT', 'NNS', 'JJ', '.']","['O', 'O', 'O', 'B-tim', 'O', 'O', 'O', 'O', 'O', 'O', 'O', 'O', 'O', 'O', 'O', 'O', 'O', 'O', 'O']",30
Sentence: 631,"Norway 's Prime Minister Jens Stoltenberg and Nobel-Prize winning environmentalist Wangari Maathai on Tuesday placed the first seeds inside the vault , built in caverns 130 meters inside a frozen mountain .","['NNP', 'POS', 'JJ', 'NN', 'NNP', 'NNP', 'CC', 'NNP', 'VBG', 'NN', 'NNP', 'NNP', 'IN', 'NNP', 'VBD', 'DT', 'JJ', 'NNS', 'IN', 'DT', 'NN', ',', 'VBN', 'IN', 'NNS', 'CD', 'NNS', 'IN', 'DT', 'JJ', 'NN', '.']","['B-gpe', 'O', 'O', 'O', 'B-per', 'I-per', 'O', 'B-art', 'O', 'O', 'B-per', 'I-per', 'O', 'B-tim', 'O', 'O', 'O', 'O', 'O', 'O', 'O', 'O', 'O', 'O', 'O', 'O', 'O', 'O', 'O', 'O', 'O', 'O']",31
Sentence: 16966,U.S. military spokesmen say four American soldiers have been wounded by an insurgent 's roadside bomb that hit their armored vehicle in northeastern Afghanistan .,"['NNP', 'JJ', 'NNS', 'VBP', 'CD', 'JJ', 'NNS', 'VBP', 'VBN', 'VBN', 'IN', 'DT', 'NN', 'POS', 'NN', 'NN', 'WDT', 'VBD', 'PRP$', 'JJ', 'NN', 'IN', 'JJ', 'NNP', '.']","['B-geo', 'O', 'O', 'O', 'O', 'B-gpe', 'O', 'O', 'O', 'O', 'O', 'O', 'O', 'O', 'O', 'O', 'O', 'O', 'O', 'O', 'O', 'O', 'O', 'B-geo', 'O']",32
Sentence: 45832,The three men have denied the charge .,"['DT', 'CD', 'NNS', 'VBP', 'VBN', 'DT', 'NN', '.']","['O', 'O', 'O', 'O', 'O', 'O', 'O', 'O']",33
Sentence: 26904,Zhao was deposed in 1989 over his opposition to the violent crackdown on pro-democracy protesters in Tiananmen Square .,"['NNP', 'VBD', 'VBN', 'IN', 'CD', 'IN', 'PRP$', 'NN', 'TO', 'DT', 'JJ', 'NN', 'IN', 'JJ', 'NNS', 'IN', 'NNP', 'NNP', '.']","['B-per', 'O', 'O', 'O', 'B-tim', 'O', 'O', 'O', 'O', 'O', 'O', 'O', 'O', 'O', 'O', 'O', 'B-geo', 'I-geo', 'O']",34
Sentence: 18766,The two officials also discussed the possibility of Sudanese soldiers joining forces with the Ugandan army to fight the rebel Lord 's Resistance Army in northern Uganda .,"['DT', 'CD', 'NNS', 'RB', 'VBD', 'DT', 'NN', 'IN', 'JJ', 'NNS', 'VBG', 'NNS', 'IN', 'DT', 'JJ', 'NN', 'TO', 'VB', 'DT', 'NN', 'NNP', 'POS', 'NN', 'NN', 'IN', 'JJ', 'NNP', '.']","['O', 'O', 'O', 'O', 'O', 'O', 'O', 'O', 'B-gpe', 'O', 'O', 'O', 'O', 'O', 'B-gpe', 'O', 'O', 'O', 'O', 'O', 'B-org', 'I-org', 'I-org', 'I-org', 'O', 'O', 'B-geo', 'O']",35
Sentence: 32928,A tribal chieftain in Sudan 's Darfur region says at least 55 people have been killed and more than 80 others wounded in fighting between the south Sudan army and Darfuri Arab tribes .,"['DT', 'JJ', 'NN', 'IN', 'NNP', 'POS', 'NNP', 'NN', 'VBZ', 'IN', 'JJS', 'CD', 'NNS', 'VBP', 'VBN', 'VBN', 'CC', 'JJR', 'IN', 'CD', 'NNS', 'VBN', 'IN', 'VBG', 'IN', 'DT', 'JJ', 'NNP', 'NN', 'CC', 'NNP', 'NNP', 'NNS', '.']","['O', 'O', 'O', 'O', 'B-geo', 'O', 'B-geo', 'O', 'O', 'O', 'O', 'O', 'O', 'O', 'O', 'O', 'O', 'O', 'O', 'O', 'O', 'O', 'O', 'O', 'O', 'O', 'B-geo', 'I-geo', 'O', 'O', 'B-org', 'I-org', 'O', 'O']",36
Sentence: 22206,"They say two women were released Tuesday , but the fate of the remaining four pilgrims is still not clear .","['PRP', 'VBP', 'CD', 'NNS', 'VBD', 'VBN', 'NNP', ',', 'CC', 'DT', 'NN', 'IN', 'DT', 'VBG', 'CD', 'NNS', 'VBZ', 'RB', 'RB', 'JJ', '.']","['O', 'O', 'O', 'O', 'O', 'O', 'B-tim', 'O', 'O', 'O', 'O', 'O', 'O', 'O', 'O', 'O', 'O', 'O', 'O', 'O', 'O']",37
Sentence: 36741,Organizers say they object to raids on religious schools and mosques in a crackdown they say is an effort to appease the United States and the West .,"['NNS', 'VBP', 'PRP', 'VBP', 'TO', 'NNS', 'IN', 'JJ', 'NNS', 'CC', 'NNS', 'IN', 'DT', 'NN', 'PRP', 'VBP', 'VBZ', 'DT', 'NN', 'TO', 'VB', 'DT', 'NNP', 'NNPS', 'CC', 'DT', 'NNP', '.']","['O', 'O', 'O', 'O', 'O', 'O', 'O', 'O', 'O', 'O', 'O', 'O', 'O', 'O', 'O', 'O', 'O', 'O', 'O', 'O', 'O', 'O', 'B-geo', 'I-geo', 'O', 'O', 'B-geo', 'O']",38
Sentence: 42681,The U.N. agency says a new wave of human smuggling vessels has been trying to cross the Gulf of Aden after a two-week lull stemming from bad weather .,"['DT', 'NNP', 'NN', 'VBZ', 'DT', 'JJ', 'NN', 'IN', 'JJ', 'NN', 'NNS', 'VBZ', 'VBN', 'VBG', 'TO', 'VB', 'DT', 'NNP', 'IN', 'NNP', 'IN', 'DT', 'JJ', 'NN', 'VBG', 'IN', 'JJ', 'NN', '.']","['O', 'B-org', 'O', 'O', 'O', 'O', 'O', 'O', 'O', 'O', 'O', 'O', 'O', 'O', 'O', 'O', 'O', 'B-geo', 'I-geo', 'I-geo', 'O', 'O', 'B-tim', 'O', 'O', 'O', 'O', 'O', 'O']",39
Sentence: 7366,Chinese authorities are offering generous rewards to anyone who provides information on security threats during the Olympic Games .,"['JJ', 'NNS', 'VBP', 'VBG', 'JJ', 'NNS', 'TO', 'DT', 'WP', 'VBZ', 'NN', 'IN', 'NN', 'NNS', 'IN', 'DT', 'NNP', 'NNPS', '.']","['B-gpe', 'O', 'O', 'O', 'O', 'O', 'O', 'O', 'O', 'O', 'O', 'O', 'O', 'O', 'O', 'O', 'O', 'O', 'O']",40
Sentence: 13197,"The pro-Western governing coalition and the Hezbollah-led opposition are at odds over who will succeed pro-Syrian President Emile Lahoud , whose term ends Friday night .","['DT', 'JJ', 'NN', 'NN', 'CC', 'DT', 'JJ', 'NN', 'VBP', 'IN', 'NNS', 'IN', 'WP', 'MD', 'VB', 'JJ', 'NNP', 'NNP', 'NNP', ',', 'WP$', 'NN', 'VBZ', 'NNP', 'NN', '.']","['O', 'O', 'O', 'O', 'O', 'O', 'O', 'O', 'O', 'O', 'O', 'O', 'O', 'O', 'O', 'O', 'B-per', 'I-per', 'I-per', 'O', 'O', 'O', 'O', 'B-tim', 'I-tim', 'O']",41
Sentence: 6874,"The explosion , which was seen on live television and before an audience that included school children , was blamed on a failure of a seal in the shuttle 's solid rocket booster due to the cold weather .","['DT', 'NN', ',', 'WDT', 'VBD', 'VBN', 'IN', 'JJ', 'NN', 'CC', 'IN', 'DT', 'NN', 'WDT', 'VBD', 'NN', 'NNS', ',', 'VBD', 'VBN', 'IN', 'DT', 'NN', 'IN', 'DT', 'NN', 'IN', 'DT', 'NN', 'POS', 'JJ', 'NN', 'NN', 'JJ', 'TO', 'DT', 'JJ', 'NN', '.']","['O', 'O', 'O', 'O', 'O', 'O', 'O', 'O', 'O', 'O', 'O', 'O', 'O', 'O', 'O', 'O', 'O', 'O', 'O', 'O', 'O', 'O', 'O', 'O', 'O', 'O', 'O', 'O', 'O', 'O', 'O', 'O', 'O', 'O', 'O', 'O', 'O', 'O', 'O']",42
Sentence: 47063,"If housing starts continued at September 's rate for a whole year , just 8,17,000 new homes would go up .","['IN', 'NN', 'NNS', 'VBD', 'IN', 'NNP', 'POS', 'NN', 'IN', 'DT', 'JJ', 'NN', ',', 'RB', 'CD', 'JJ', 'NNS', 'MD', 'VB', 'RP', '.']","['O', 'O', 'O', 'O', 'O', 'B-tim', 'O', 'O', 'O', 'O', 'B-tim', 'O', 'O', 'O', 'O', 'O', 'O', 'O', 'O', 'O', 'O']",43
Sentence: 47391,A similar attack Monday cut power to two million people in the area .,"['DT', 'JJ', 'NN', 'NNP', 'VBD', 'NN', 'TO', 'CD', 'CD', 'NNS', 'IN', 'DT', 'NN', '.']","['O', 'O', 'O', 'B-tim', 'O', 'O', 'O', 'O', 'O', 'O', 'O', 'O', 'O', 'O']",44
Sentence: 30444,Mexican President Felipe Calderon has sought more private investment in Pemex to boost falling production .,"['JJ', 'NNP', 'NNP', 'NNP', 'VBZ', 'VBN', 'RBR', 'JJ', 'NN', 'IN', 'NNP', 'TO', 'VB', 'VBG', 'NN', '.']","['B-gpe', 'B-per', 'I-per', 'I-per', 'O', 'O', 'O', 'O', 'O', 'O', 'B-geo', 'O', 'O', 'O', 'O', 'O']",45
Sentence: 41833,"A new museum opened Friday in Washington on crime and law enforcement , mostly in the United States .","['DT', 'JJ', 'NN', 'VBD', 'NNP', 'IN', 'NNP', 'IN', 'NN', 'CC', 'NN', 'NN', ',', 'RB', 'IN', 'DT', 'NNP', 'NNPS', '.']","['O', 'O', 'O', 'O', 'B-tim', 'O', 'B-geo', 'O', 'O', 'O', 'O', 'O', 'O', 'O', 'O', 'O', 'B-geo', 'I-geo', 'O']",46
Sentence: 29895,Mexico 's conservative ruling party says it will ask the Supreme Court to review Mexico City 's recent decision to allow first-trimester abortions in the capital .,"['NNP', 'POS', 'JJ', 'VBG', 'NN', 'VBZ', 'PRP', 'MD', 'VB', 'DT', 'NNP', 'NNP', 'TO', 'VB', 'NNP', 'NNP', 'POS', 'JJ', 'NN', 'TO', 'VB', 'JJ', 'NNS', 'IN', 'DT', 'NN', '.']","['B-geo', 'O', 'O', 'O', 'O', 'O', 'O', 'O', 'O', 'O', 'B-org', 'I-org', 'O', 'O', 'B-geo', 'I-geo', 'O', 'O', 'O', 'O', 'O', 'O', 'O', 'O', 'O', 'O', 'O']",47
Sentence: 17291,"Russian lawmakers have passed a sweeping new anti-terrorism bill that would allow the military to attack planes and ships used in terrorist acts , even if hostages are aboard .","['JJ', 'NNS', 'VBP', 'VBN', 'DT', 'JJ', 'JJ', 'JJ', 'NN', 'WDT', 'MD', 'VB', 'DT', 'NN', 'TO', 'VB', 'NNS', 'CC', 'NNS', 'VBN', 'IN', 'JJ', 'NNS', ',', 'RB', 'IN', 'NNS', 'VBP', 'RB', '.']","['B-gpe', 'O', 'O', 'O', 'O', 'O', 'O', 'O', 'O', 'O', 'O', 'O', 'O', 'O', 'O', 'O', 'O', 'O', 'O', 'O', 'O', 'O', 'O', 'O', 'O', 'O', 'O', 'O', 'O', 'O']",48
Sentence: 27569,The Wall Street Journal cites unnamed sources and says it is not yet clear how other companies will respond .,"['DT', 'NNP', 'NNP', 'NNP', 'VBZ', 'JJ', 'NNS', 'CC', 'VBZ', 'PRP', 'VBZ', 'RB', 'RB', 'JJ', 'WRB', 'JJ', 'NNS', 'MD', 'VB', '.']","['B-org', 'I-org', 'I-org', 'I-org', 'O', 'O', 'O', 'O', 'O', 'O', 'O', 'O', 'O', 'O', 'O', 'O', 'O', 'O', 'O', 'O']",49
